_from,_to
syslog/1,process/1
syslog/3,process/2
syslog/7,process/3
syslog/45,process/4
syslog/47,process/5
syslog/48,process/6
syslog/49,process/7
syslog/50,process/8
syslog/53,process/9
syslog/65,process/10
syslog/98,process/11
syslog/102,process/12
syslog/103,process/13
syslog/104,process/14
syslog/105,process/15
syslog/107,process/16
syslog/110,process/17
syslog/112,process/18
syslog/115,process/19
syslog/117,process/20
syslog/119,process/21
syslog/125,process/22
syslog/126,process/23
syslog/128,process/24
syslog/129,process/25
syslog/130,process/26
syslog/131,process/27
syslog/132,process/28
syslog/135,process/29
syslog/138,process/30
syslog/140,process/31
syslog/142,process/32
syslog/143,process/33
syslog/144,process/34
syslog/145,process/35
syslog/147,process/36
syslog/149,process/37
syslog/155,process/38
syslog/157,process/39
syslog/159,process/40
syslog/166,process/41
syslog/174,process/42
syslog/177,process/43
syslog/197,process/44
syslog/202,process/45
syslog/206,process/46
syslog/215,process/47
syslog/226,process/48
syslog/227,process/49
syslog/230,process/50
syslog/234,process/51
syslog/240,process/52
syslog/242,process/53
syslog/249,process/54
syslog/251,process/55
syslog/253,process/56
syslog/259,process/57
syslog/261,process/58
syslog/262,process/59
syslog/263,process/60
syslog/264,process/61
syslog/265,process/62
syslog/267,process/63
syslog/306,process/64
syslog/309,process/65
syslog/310,process/66
syslog/311,process/67
syslog/312,process/68
syslog/313,process/69
syslog/314,process/70
syslog/319,process/71
syslog/323,process/72
syslog/360,process/73
syslog/365,process/74
syslog/368,process/75
syslog/375,process/76
syslog/377,process/77
syslog/380,process/78
syslog/381,process/79
syslog/382,process/80
syslog/388,process/81
syslog/390,process/82
syslog/391,process/83
syslog/392,process/84
syslog/394,process/85
syslog/395,process/86
syslog/396,process/87
syslog/399,process/88
syslog/401,process/89
syslog/406,process/90
syslog/408,process/91
syslog/410,process/92
syslog/413,process/93
syslog/414,process/94
syslog/415,process/95
syslog/416,process/96
syslog/417,process/97
syslog/426,process/98
syslog/456,process/99
syslog/460,process/100
syslog/494,process/101
syslog/496,process/102
syslog/497,process/103
syslog/500,process/104
syslog/501,process/105
syslog/507,process/106
syslog/508,process/107
syslog/514,process/108
syslog/515,process/109
syslog/516,process/110
syslog/582,process/111
syslog/596,process/112
syslog/603,process/113
syslog/604,process/114
syslog/607,process/115
syslog/608,process/116
syslog/620,process/117
syslog/635,process/118
syslog/638,process/119
syslog/641,process/120
syslog/642,process/121
syslog/644,process/122
syslog/645,process/123
syslog/648,process/124
syslog/649,process/125
syslog/656,process/126
syslog/658,process/127
syslog/660,process/128
syslog/664,process/129
syslog/665,process/130
syslog/732,process/131
syslog/750,process/132
syslog/751,process/133
syslog/759,process/134
syslog/761,process/135
syslog/810,process/136
syslog/816,process/137
syslog/861,process/138
syslog/862,process/139
syslog/863,process/140
syslog/891,process/141
syslog/892,process/142
syslog/896,process/143
syslog/900,process/144
syslog/902,process/145
syslog/933,process/146
syslog/953,process/147
syslog/965,process/148
syslog/974,process/149
syslog/984,process/150
syslog/987,process/151
syslog/989,process/152
syslog/992,process/153
syslog/994,process/154
syslog/1079,process/155
syslog/1080,process/156
syslog/1161,process/157
syslog/1176,process/158
syslog/1206,process/159
syslog/1213,process/160
syslog/1214,process/161
syslog/1215,process/162
syslog/1219,process/163
syslog/1220,process/164
syslog/1239,process/165
syslog/1264,process/166
syslog/1302,process/167
syslog/1313,process/168
syslog/1314,process/169
syslog/1318,process/170
syslog/1325,process/171
syslog/1334,process/172
syslog/1343,process/173
syslog/1358,process/174
syslog/1364,process/175
syslog/1377,process/176
syslog/1389,process/177
syslog/1408,process/178
syslog/1409,process/179
syslog/1432,process/180
syslog/1435,process/181
syslog/1436,process/182
syslog/1446,process/183
syslog/1448,process/184
syslog/1503,process/185
syslog/1506,process/186
syslog/1564,process/187
syslog/1568,process/188
syslog/1609,process/189
syslog/1619,process/190
syslog/1620,process/191
syslog/1632,process/192
syslog/1640,process/193
syslog/1644,process/194
syslog/1650,process/195
syslog/1660,process/196
syslog/1666,process/197
syslog/1671,process/198
syslog/1672,process/199
syslog/1673,process/200
syslog/1692,process/201
syslog/1709,process/202
syslog/1713,process/203
syslog/1719,process/204
syslog/1725,process/205
syslog/1730,process/206
syslog/1840,process/207
syslog/1847,process/208
syslog/1911,process/209
syslog/1912,process/210
syslog/1913,process/211
syslog/1918,process/212
syslog/1927,process/213
syslog/1946,process/214
syslog/1956,process/215
syslog/1959,process/216
syslog/1962,process/217
syslog/1964,process/218
syslog/1972,process/219
syslog/2043,process/220
syslog/2049,process/221
syslog/2102,process/222
syslog/2134,process/223
syslog/2136,process/224
syslog/2141,process/225
syslog/2145,process/226
syslog/2148,process/227
syslog/2158,process/228
syslog/2163,process/229
syslog/2171,process/230
syslog/2180,process/231
syslog/2194,process/232
syslog/2265,process/233
syslog/2291,process/234
syslog/2318,process/235
syslog/2402,process/236
syslog/2407,process/237
syslog/2469,process/238
syslog/2482,process/239
syslog/2528,process/240
syslog/2529,process/241
syslog/2535,process/242
syslog/2536,process/243
syslog/2578,process/244
syslog/2597,process/245
syslog/2699,process/246
syslog/2700,process/247
syslog/2713,process/248
syslog/2717,process/249
syslog/2729,process/250
syslog/2741,process/251
syslog/2751,process/252
syslog/2756,process/253
syslog/2764,process/254
syslog/2884,process/255
syslog/2890,process/256
syslog/2932,process/257
syslog/2936,process/258
syslog/2939,process/259
syslog/2946,process/260
syslog/2950,process/261
syslog/2958,process/262
syslog/2959,process/263
syslog/2960,process/264
syslog/2964,process/265
syslog/2969,process/266
syslog/2971,process/267
syslog/2976,process/268
syslog/2980,process/269
syslog/2984,process/270
syslog/2989,process/271
syslog/2993,process/272
syslog/2995,process/273
syslog/3002,process/274
syslog/3018,process/275
syslog/3020,process/276
syslog/3022,process/277
syslog/3027,process/278
syslog/3029,process/279
syslog/3031,process/280
syslog/3035,process/281
syslog/3039,process/282
syslog/3040,process/283
syslog/3041,process/284
syslog/3050,process/285
syslog/3059,process/286
syslog/3072,process/287
syslog/3084,process/288
syslog/3085,process/289
syslog/3088,process/290
syslog/3090,process/291
syslog/3092,process/292
syslog/3098,process/293
syslog/3100,process/294
syslog/3133,process/295
syslog/3140,process/296
syslog/3150,process/297
syslog/3160,process/298
syslog/3163,process/299
syslog/3171,process/300
syslog/3186,process/301
syslog/3190,process/302
syslog/3194,process/303
syslog/3239,process/304
syslog/3247,process/305
syslog/3258,process/306
syslog/3298,process/307
syslog/3300,process/308
syslog/3305,process/309
syslog/3306,process/310
syslog/3309,process/311
syslog/3323,process/312
syslog/3353,process/313
syslog/3355,process/314
syslog/3361,process/315
syslog/3363,process/316
syslog/3364,process/317
syslog/3365,process/318
syslog/3366,process/319
syslog/3367,process/320
syslog/3368,process/321
syslog/3371,process/322
syslog/3372,process/323
syslog/3373,process/324
syslog/3374,process/325
syslog/3375,process/326
syslog/3376,process/327
syslog/3378,process/328
syslog/3379,process/329
syslog/3380,process/330
syslog/3381,process/331
syslog/3382,process/332
syslog/3383,process/333
syslog/3386,process/334
syslog/3389,process/335
syslog/3393,process/336
syslog/3396,process/337
syslog/3397,process/338
syslog/3399,process/339
syslog/3401,process/340
syslog/3404,process/341
syslog/3405,process/342
syslog/3406,process/343
syslog/3408,process/344
syslog/3412,process/345
syslog/3415,process/346
syslog/3418,process/347
syslog/3421,process/348
syslog/3422,process/349
syslog/3424,process/350
syslog/3425,process/351
syslog/3429,process/352
syslog/3430,process/353
syslog/3434,process/354
syslog/3435,process/355
syslog/3437,process/356
syslog/3440,process/357
syslog/3441,process/358
syslog/3444,process/359
syslog/3445,process/360
syslog/3447,process/361
syslog/3448,process/362
syslog/3450,process/363
syslog/3453,process/364
syslog/3455,process/365
syslog/3456,process/366
syslog/3460,process/367
syslog/3461,process/368
syslog/3463,process/369
syslog/3477,process/370
syslog/3485,process/371
syslog/3486,process/372
syslog/3503,process/373
syslog/3506,process/374
syslog/3508,process/375
syslog/3578,process/376
syslog/3579,process/377
syslog/3580,process/378
syslog/3582,process/379
syslog/3584,process/380
syslog/3586,process/381
syslog/3591,process/382
syslog/3593,process/383
syslog/3594,process/384
syslog/3596,process/385
syslog/3597,process/386
syslog/3598,process/387
syslog/3599,process/388
syslog/3601,process/389
syslog/3604,process/390
syslog/3605,process/391
syslog/3653,process/392
syslog/3656,process/393
syslog/3658,process/394
syslog/3660,process/395
syslog/3667,process/396
syslog/3668,process/397
syslog/3672,process/398
syslog/3673,process/399
syslog/3674,process/400
syslog/3677,process/401
syslog/3678,process/402
syslog/3681,process/403
syslog/3686,process/404
syslog/3687,process/405
syslog/3688,process/406
syslog/3692,process/407
syslog/3694,process/408
syslog/3696,process/409
syslog/3697,process/410
syslog/3701,process/411
syslog/3703,process/412
syslog/3704,process/413
syslog/3707,process/414
syslog/3708,process/415
syslog/3709,process/416
syslog/3711,process/417
syslog/3712,process/418
syslog/3713,process/419
syslog/3714,process/420
syslog/3715,process/421
syslog/3716,process/422
syslog/3717,process/423
syslog/3718,process/424
syslog/3721,process/425
syslog/3746,process/426
syslog/3752,process/427
syslog/3754,process/428
syslog/3755,process/429
syslog/3756,process/430
syslog/3762,process/431
syslog/3771,process/432
syslog/3772,process/433
syslog/3774,process/434
syslog/3778,process/435
syslog/3784,process/436
syslog/3786,process/437
syslog/3787,process/438
syslog/3806,process/439
syslog/3814,process/440
syslog/3821,process/441
syslog/3822,process/442
syslog/3824,process/443
syslog/3827,process/444
syslog/3828,process/445
syslog/3829,process/446
syslog/3830,process/447
syslog/3831,process/448
syslog/3832,process/449
syslog/3833,process/450
syslog/3834,process/451
syslog/3835,process/452
syslog/3837,process/453
syslog/3839,process/454
syslog/3840,process/455
syslog/3841,process/456
syslog/3843,process/457
syslog/3845,process/458
syslog/3864,process/459
syslog/3865,process/460
syslog/3904,process/461
syslog/3905,process/462
syslog/3913,process/463
syslog/3914,process/464
syslog/3915,process/465
syslog/3927,process/466
syslog/3946,process/467
syslog/3952,process/468
syslog/3957,process/469
syslog/3959,process/470
syslog/3989,process/471
syslog/3993,process/472
syslog/3997,process/473
syslog/4006,process/474
syslog/4008,process/475
syslog/4009,process/476
syslog/4012,process/477
syslog/4051,process/478
syslog/4064,process/479
syslog/4066,process/480
syslog/4131,process/481
syslog/4132,process/482
syslog/4135,process/483
syslog/4139,process/484
syslog/4161,process/485
syslog/4168,process/486
syslog/4170,process/487
syslog/4173,process/488
syslog/4174,process/489
syslog/4183,process/490
syslog/4215,process/491
syslog/4218,process/492
syslog/4222,process/493
syslog/4245,process/494
syslog/4246,process/495
syslog/4248,process/496
syslog/4266,process/497
syslog/4279,process/498
syslog/4280,process/499
syslog/4286,process/500
syslog/4288,process/501
syslog/4339,process/502
syslog/4340,process/503
syslog/4347,process/504
syslog/4351,process/505
syslog/4352,process/506
syslog/4359,process/507
syslog/4374,process/508
syslog/4400,process/509
syslog/4402,process/510
syslog/4408,process/511
syslog/4409,process/512
syslog/4455,process/513
syslog/4465,process/514
syslog/4466,process/515
syslog/4467,process/516
syslog/4471,process/517
syslog/4474,process/518
syslog/4478,process/519
syslog/4479,process/520
syslog/4491,process/521
syslog/4523,process/522
syslog/4524,process/523
syslog/4533,process/524
syslog/4535,process/525
syslog/4595,process/526
syslog/4599,process/527
syslog/4602,process/528
syslog/4609,process/529
syslog/4610,process/530
syslog/4652,process/531
syslog/4666,process/532
syslog/4677,process/533
syslog/4679,process/534
syslog/4681,process/535
syslog/4684,process/536
syslog/4685,process/537
syslog/4686,process/538
syslog/4772,process/539
syslog/4815,process/540
syslog/4826,process/541
syslog/4830,process/542
syslog/4843,process/543
syslog/4850,process/544
syslog/4871,process/545
syslog/4880,process/546
syslog/4887,process/547
syslog/4896,process/548
syslog/4898,process/549
syslog/4907,process/550
syslog/4913,process/551
syslog/4915,process/552
syslog/4971,process/553
syslog/4977,process/554
syslog/5011,process/555
syslog/5015,process/556
syslog/5053,process/557
syslog/5098,process/558
syslog/5189,process/559
syslog/5214,process/560
syslog/5226,process/561
syslog/5236,process/562
syslog/5255,process/563
syslog/5291,process/564
syslog/5292,process/565
syslog/5352,process/566
syslog/5353,process/567
syslog/5360,process/568
syslog/5362,process/569
syslog/5366,process/570
syslog/5367,process/571
syslog/5368,process/572
syslog/5370,process/573
syslog/5371,process/574
syslog/5373,process/575
syslog/5377,process/576
syslog/5378,process/577
syslog/5380,process/578
syslog/5381,process/579
syslog/5387,process/580
syslog/5397,process/581
syslog/5399,process/582
syslog/5408,process/583
syslog/5412,process/584
syslog/5414,process/585
syslog/5418,process/586
syslog/5420,process/587
syslog/5421,process/588
syslog/5432,process/589
syslog/5433,process/590
syslog/5455,process/591
syslog/5462,process/592
syslog/5471,process/593
syslog/5472,process/594
syslog/5474,process/595
syslog/5477,process/596
syslog/5478,process/597
syslog/5486,process/598
syslog/5487,process/599
syslog/5489,process/600
syslog/5491,process/601
syslog/5492,process/602
syslog/5495,process/603
syslog/5498,process/604
syslog/5513,process/605
syslog/5514,process/606
syslog/5515,process/607
syslog/5520,process/608
syslog/5525,process/609
syslog/5532,process/610
syslog/5536,process/611
syslog/5539,process/612
syslog/5541,process/613
syslog/5545,process/614
syslog/5554,process/615
syslog/5555,process/616
syslog/5560,process/617
syslog/5567,process/618
syslog/5576,process/619
syslog/5589,process/620
syslog/5591,process/621
syslog/5600,process/622
syslog/5609,process/623
syslog/5629,process/624
syslog/5644,process/625
syslog/5646,process/626
syslog/5658,process/627
syslog/5662,process/628
syslog/5671,process/629
syslog/5685,process/630
syslog/5692,process/631
syslog/5713,process/632
syslog/5714,process/633
syslog/5716,process/634
syslog/5717,process/635
syslog/5730,process/636
syslog/5732,process/637
syslog/5748,process/638
syslog/5757,process/639
syslog/5759,process/640
syslog/5761,process/641
syslog/5776,process/642
syslog/5828,process/643
syslog/5832,process/644
syslog/5837,process/645
syslog/5854,process/646
syslog/5860,process/647
syslog/5871,process/648
syslog/5892,process/649
syslog/5901,process/650
syslog/5905,process/651
syslog/5925,process/652
syslog/5930,process/653
syslog/5931,process/654
syslog/5942,process/655
syslog/5943,process/656
syslog/5957,process/657
syslog/5966,process/658
syslog/5985,process/659
syslog/5998,process/660
syslog/6018,process/661
syslog/6021,process/662
syslog/6022,process/663
syslog/6057,process/664
syslog/6081,process/665
syslog/6083,process/666
syslog/6089,process/667
syslog/6101,process/668
syslog/6106,process/669
syslog/6108,process/670
syslog/6121,process/671
syslog/6133,process/672
syslog/6141,process/673
syslog/6148,process/674
syslog/6149,process/675
syslog/6156,process/676
syslog/6166,process/677
syslog/6168,process/678
syslog/6176,process/679
syslog/6185,process/680
syslog/6188,process/681
syslog/6212,process/682
syslog/6213,process/683
syslog/6259,process/684
syslog/6261,process/685
syslog/6263,process/686
syslog/6281,process/687
syslog/6282,process/688
syslog/6287,process/689
syslog/6288,process/690
syslog/6304,process/691
syslog/6311,process/692
syslog/6313,process/693
syslog/6316,process/694
syslog/6322,process/695
syslog/6338,process/696
syslog/6343,process/697
syslog/6350,process/698
syslog/6361,process/699
syslog/6373,process/700
syslog/6379,process/701
syslog/6380,process/702
syslog/6389,process/703
syslog/6393,process/704
syslog/6400,process/705
syslog/6402,process/706
syslog/6403,process/707
syslog/6411,process/708
syslog/6419,process/709
syslog/6429,process/710
syslog/6434,process/711
syslog/6437,process/712
syslog/6495,process/713
syslog/6496,process/714
syslog/6497,process/715
syslog/6500,process/716
syslog/6502,process/717
syslog/6507,process/718
syslog/6508,process/719
syslog/6509,process/720
syslog/6510,process/721
syslog/6511,process/722
syslog/6512,process/723
syslog/6513,process/724
syslog/6514,process/725
syslog/6515,process/726
syslog/6516,process/727
syslog/6520,process/728
syslog/6522,process/729
syslog/6524,process/730
syslog/6525,process/731
syslog/6964,process/732
syslog/7026,process/733
syslog/7885,process/734
syslog/9676,process/735
syslog/9792,process/736
syslog/10120,process/737
syslog/10228,process/738
syslog/10229,process/739
syslog/12426,process/740
syslog/12433,process/741
syslog/12438,process/742
syslog/12447,process/743
syslog/12448,process/744
syslog/12449,process/745
syslog/12450,process/746
syslog/12451,process/747
syslog/12452,process/748
syslog/12465,process/749
syslog/12466,process/750
syslog/12512,process/751
syslog/12532,process/752
syslog/12534,process/753
syslog/12536,process/754
syslog/12537,process/755
syslog/12538,process/756
syslog/12542,process/757
syslog/12543,process/758
syslog/12560,process/759
syslog/12561,process/760
syslog/12565,process/761
syslog/12568,process/762
syslog/12569,process/763
syslog/12570,process/764
syslog/12571,process/765
syslog/12577,process/766
syslog/12579,process/767
syslog/12581,process/768
syslog/12588,process/769
syslog/12592,process/770
syslog/12593,process/771
syslog/12602,process/772
syslog/12605,process/773
syslog/12606,process/774
syslog/12607,process/775
syslog/12608,process/776
syslog/12609,process/777
syslog/12611,process/778
syslog/12627,process/779
syslog/12628,process/780
syslog/12630,process/781
syslog/12634,process/782
syslog/12638,process/783
syslog/12640,process/784
syslog/12641,process/785
syslog/12643,process/786
syslog/12645,process/787
syslog/12648,process/788
syslog/12650,process/789
syslog/12652,process/790
syslog/12655,process/791
syslog/12656,process/792
syslog/12659,process/793
syslog/12662,process/794
syslog/12664,process/795
syslog/12666,process/796
syslog/12667,process/797
syslog/12675,process/798
syslog/12676,process/799
syslog/12678,process/800
syslog/12679,process/801
syslog/12680,process/802
syslog/12686,process/803
syslog/12687,process/804
syslog/12694,process/805
syslog/12695,process/806
syslog/12696,process/807
syslog/12697,process/808
syslog/12701,process/809
syslog/12702,process/810
syslog/12705,process/811
syslog/12707,process/812
syslog/12713,process/813
syslog/12715,process/814
syslog/12717,process/815
syslog/12718,process/816
syslog/12719,process/817
syslog/12721,process/818
syslog/12725,process/819
syslog/12727,process/820
syslog/12728,process/821
syslog/12730,process/822
syslog/12734,process/823
syslog/12735,process/824
syslog/12736,process/825
syslog/12738,process/826
syslog/12741,process/827
syslog/12743,process/828
syslog/12744,process/829
syslog/12746,process/830
syslog/12750,process/831
syslog/12753,process/832
syslog/12756,process/833
syslog/12758,process/834
syslog/12759,process/835
syslog/12761,process/836
syslog/12762,process/837
syslog/12764,process/838
syslog/12766,process/839
syslog/12768,process/840
syslog/12770,process/841
syslog/12774,process/842
syslog/12776,process/843
syslog/12778,process/844
syslog/12782,process/845
syslog/12784,process/846
syslog/12789,process/847
syslog/12795,process/848
syslog/12796,process/849
syslog/12797,process/850
syslog/12798,process/851
syslog/12804,process/852
syslog/12811,process/853
syslog/12813,process/854
syslog/12827,process/855
syslog/12828,process/856
syslog/12829,process/857
syslog/12841,process/858
syslog/12843,process/859
syslog/12876,process/860
syslog/12880,process/861
syslog/12894,process/862
syslog/12906,process/863
syslog/12907,process/864
syslog/12925,process/865
syslog/12927,process/866
syslog/12930,process/867
syslog/12934,process/868
syslog/12938,process/869
syslog/12942,process/870
syslog/12943,process/871
syslog/12944,process/872
syslog/12945,process/873
syslog/12946,process/874
syslog/12947,process/875
syslog/12950,process/876
syslog/12960,process/877
syslog/12963,process/878
syslog/12973,process/879
syslog/13003,process/880
syslog/13004,process/881
syslog/13013,process/882
syslog/15736,process/883
syslog/16432,process/884
syslog/16449,process/885
syslog/16648,process/886
syslog/16820,process/887
syslog/17420,process/888
syslog/17427,process/889
syslog/17428,process/890
syslog/17430,process/891
syslog/17450,process/892
syslog/17463,process/893
syslog/17465,process/894
syslog/17479,process/895
syslog/17480,process/896
syslog/17483,process/897
syslog/17496,process/898
syslog/17498,process/899
syslog/17499,process/900
syslog/17504,process/901
syslog/17506,process/902
syslog/17511,process/903
syslog/17517,process/904
syslog/17519,process/905
syslog/17520,process/906
syslog/17523,process/907
syslog/17525,process/908
syslog/17526,process/909
syslog/17527,process/910
syslog/17528,process/911
syslog/17529,process/912
syslog/17544,process/913
syslog/17545,process/914
syslog/17546,process/915
syslog/17561,process/916
syslog/17568,process/917
syslog/17569,process/918
syslog/17570,process/919
syslog/17572,process/920
syslog/17573,process/921
syslog/17574,process/922
syslog/17577,process/923
syslog/17583,process/924
syslog/17595,process/925
syslog/17657,process/926
syslog/17664,process/927
syslog/17674,process/928
syslog/17679,process/929
syslog/17682,process/930
syslog/17684,process/931
syslog/17699,process/932
syslog/17702,process/933
syslog/17709,process/934
syslog/17710,process/935
syslog/17711,process/936
syslog/17714,process/937
syslog/17721,process/938
syslog/17725,process/939
syslog/17728,process/940
syslog/17732,process/941
syslog/17733,process/942
syslog/17752,process/943
syslog/17754,process/944
syslog/17756,process/945
syslog/17757,process/946
syslog/17762,process/947
syslog/17764,process/948
syslog/17767,process/949
syslog/17769,process/950
syslog/17778,process/951
syslog/17780,process/952
syslog/17790,process/953
syslog/17796,process/954
syslog/17798,process/955
syslog/17800,process/956
syslog/17805,process/957
syslog/17812,process/958
syslog/17813,process/959
syslog/17814,process/960
syslog/17816,process/961
syslog/17823,process/962
syslog/17835,process/963
syslog/17836,process/964
syslog/17837,process/965
syslog/17842,process/966
syslog/17844,process/967
syslog/17845,process/968
syslog/17856,process/969
syslog/17858,process/970
syslog/17859,process/971
syslog/17861,process/972
syslog/17868,process/973
syslog/17871,process/974
syslog/17872,process/975
syslog/17873,process/976
syslog/17875,process/977
syslog/17879,process/978
syslog/17887,process/979
syslog/17890,process/980
syslog/17891,process/981
syslog/17893,process/982
syslog/17899,process/983
syslog/17931,process/984
syslog/17932,process/985
syslog/17948,process/986
syslog/17963,process/987
syslog/17966,process/988
syslog/17968,process/989
syslog/17969,process/990
syslog/17971,process/991
syslog/17973,process/992
syslog/17979,process/993
syslog/17981,process/994
syslog/17984,process/995
syslog/17985,process/996
syslog/17988,process/997
syslog/17991,process/998
syslog/17993,process/999
syslog/17997,process/1000
syslog/17999,process/1001
syslog/18002,process/1002
syslog/18005,process/1003
syslog/18008,process/1004
syslog/18009,process/1005
syslog/18021,process/1006
syslog/18022,process/1007
syslog/18023,process/1008
syslog/18024,process/1009
syslog/18032,process/1010
syslog/18038,process/1011
syslog/18041,process/1012
syslog/18043,process/1013
syslog/18048,process/1014
syslog/18054,process/1015
syslog/18059,process/1016
syslog/18061,process/1017
syslog/18063,process/1018
syslog/18069,process/1019
syslog/18071,process/1020
syslog/18074,process/1021
syslog/18080,process/1022
syslog/18084,process/1023
syslog/18088,process/1024
syslog/18091,process/1025
syslog/18098,process/1026
syslog/18100,process/1027
syslog/18101,process/1028
syslog/18102,process/1029
syslog/18103,process/1030
syslog/18104,process/1031
syslog/18105,process/1032
syslog/18107,process/1033
syslog/18120,process/1034
syslog/18124,process/1035
syslog/18125,process/1036
syslog/18190,process/1037
syslog/18210,process/1038
syslog/18211,process/1039
syslog/18212,process/1040
syslog/18333,process/1041
syslog/18341,process/1042
syslog/18365,process/1043
syslog/18402,process/1044
syslog/18407,process/1045
syslog/18869,process/1046
syslog/19816,process/1047
syslog/19817,process/1048
syslog/19818,process/1049
syslog/19819,process/1050
syslog/19820,process/1051
syslog/19828,process/1052
syslog/20116,process/1053
syslog/20120,process/1054
syslog/20122,process/1055
syslog/20126,process/1056
syslog/20143,process/1057
syslog/20155,process/1058
syslog/20165,process/1059
syslog/20181,process/1060
syslog/20182,process/1061
syslog/20183,process/1062
syslog/20185,process/1063
syslog/20186,process/1064
syslog/20187,process/1065
syslog/20190,process/1066
syslog/20194,process/1067
syslog/20256,process/1068
syslog/20259,process/1069
syslog/20260,process/1070
syslog/20291,process/1071
syslog/20293,process/1072
syslog/20294,process/1073
syslog/20297,process/1074
syslog/20307,process/1075
syslog/20308,process/1076
syslog/20312,process/1077
syslog/20313,process/1078
syslog/20320,process/1079
syslog/20323,process/1080
syslog/20327,process/1081
syslog/20328,process/1082
syslog/20332,process/1083
syslog/20333,process/1084
syslog/20334,process/1085
syslog/20335,process/1086
syslog/20337,process/1087
syslog/20339,process/1088
syslog/20342,process/1089
syslog/20348,process/1090
syslog/20356,process/1091
syslog/20362,process/1092
syslog/20370,process/1093
syslog/20391,process/1094
syslog/20392,process/1095
syslog/20402,process/1096
syslog/20403,process/1097
syslog/20408,process/1098
syslog/20409,process/1099
syslog/20415,process/1100
syslog/20435,process/1101
syslog/20440,process/1102
syslog/20447,process/1103
syslog/20448,process/1104
syslog/20478,process/1105
syslog/20484,process/1106
syslog/20488,process/1107
syslog/20490,process/1108
syslog/20498,process/1109
syslog/20516,process/1110
syslog/20519,process/1111
syslog/20521,process/1112
syslog/20523,process/1113
syslog/20525,process/1114
syslog/20531,process/1115
syslog/20541,process/1116
syslog/20544,process/1117
syslog/20551,process/1118
syslog/20559,process/1119
syslog/20565,process/1120
syslog/20576,process/1121
syslog/20585,process/1122
syslog/20591,process/1123
syslog/20596,process/1124
syslog/20598,process/1125
syslog/20599,process/1126
syslog/20604,process/1127
syslog/20606,process/1128
syslog/20611,process/1129
syslog/20635,process/1130
syslog/20636,process/1131
syslog/20637,process/1132
syslog/20647,process/1133
syslog/20649,process/1134
syslog/20650,process/1135
syslog/20651,process/1136
syslog/20673,process/1137
syslog/20786,process/1138
syslog/20787,process/1139
syslog/20791,process/1140
syslog/20793,process/1141
syslog/20795,process/1142
syslog/20817,process/1143
syslog/20829,process/1144
syslog/20830,process/1145
syslog/20921,process/1146
syslog/21022,process/1147
syslog/22018,process/1148
syslog/22841,process/1149
syslog/22842,process/1150
syslog/22874,process/1151
syslog/22875,process/1152
syslog/22878,process/1153
syslog/22904,process/1154
syslog/22913,process/1155
syslog/22922,process/1156
syslog/23023,process/1157
syslog/23053,process/1158
syslog/23056,process/1159
syslog/23058,process/1160
syslog/23065,process/1161
syslog/23072,process/1162
syslog/23094,process/1163
syslog/23103,process/1164
syslog/23108,process/1165
syslog/23144,process/1166
syslog/23153,process/1167
syslog/23158,process/1168
syslog/23161,process/1169
syslog/23165,process/1170
syslog/23169,process/1171
syslog/23170,process/1172
syslog/23174,process/1173
syslog/23181,process/1174
syslog/23191,process/1175
syslog/23194,process/1176
syslog/23198,process/1177
syslog/23204,process/1178
syslog/23209,process/1179
syslog/23235,process/1180
syslog/23240,process/1181
syslog/23248,process/1182
syslog/23268,process/1183
syslog/23312,process/1184
syslog/23314,process/1185
syslog/23320,process/1186
syslog/23372,process/1187
syslog/23375,process/1188
syslog/23376,process/1189
syslog/23377,process/1190
syslog/23378,process/1191
syslog/23380,process/1192
syslog/23382,process/1193
syslog/23390,process/1194
syslog/23394,process/1195
syslog/23411,process/1196
syslog/23418,process/1197
syslog/23471,process/1198
syslog/23475,process/1199
syslog/23476,process/1200
syslog/23477,process/1201
syslog/23496,process/1202
syslog/23506,process/1203
syslog/23519,process/1204
syslog/23536,process/1205
syslog/23542,process/1206
syslog/23543,process/1207
syslog/23545,process/1208
syslog/23548,process/1209
syslog/23551,process/1210
syslog/23552,process/1211
syslog/23555,process/1212
syslog/23561,process/1213
syslog/23571,process/1214
syslog/23574,process/1215
syslog/23590,process/1216
syslog/23591,process/1217
syslog/23592,process/1218
syslog/23616,process/1219
syslog/23617,process/1220
syslog/23618,process/1221
syslog/23649,process/1222
syslog/23650,process/1223
syslog/23651,process/1224
syslog/23653,process/1225
syslog/23678,process/1226
syslog/23699,process/1227
syslog/23703,process/1228
syslog/23704,process/1229
syslog/23711,process/1230
syslog/23730,process/1231
syslog/23731,process/1232
syslog/23732,process/1233
syslog/23733,process/1234
syslog/23809,process/1235
syslog/23816,process/1236
syslog/23836,process/1237
syslog/23838,process/1238
syslog/23866,process/1239
syslog/23867,process/1240
syslog/23868,process/1241
syslog/23869,process/1242
syslog/23892,process/1243
syslog/23895,process/1244
syslog/23899,process/1245
syslog/23905,process/1246
syslog/23911,process/1247
syslog/23954,process/1248
syslog/23969,process/1249
syslog/23974,process/1250
syslog/23977,process/1251
syslog/23979,process/1252
syslog/23981,process/1253
syslog/23982,process/1254
syslog/23983,process/1255
syslog/23984,process/1256
syslog/23986,process/1257
syslog/23987,process/1258
syslog/23992,process/1259
syslog/23994,process/1260
syslog/24002,process/1261
syslog/24004,process/1262
syslog/24020,process/1263
syslog/24021,process/1264
syslog/24023,process/1265
syslog/24057,process/1266
syslog/24065,process/1267
syslog/24074,process/1268
syslog/24077,process/1269
syslog/24078,process/1270
syslog/24079,process/1271
syslog/24082,process/1272
syslog/24083,process/1273
syslog/24084,process/1274
syslog/24085,process/1275
syslog/24093,process/1276
syslog/24145,process/1277
syslog/24146,process/1278
syslog/24159,process/1279
syslog/24160,process/1280
syslog/24161,process/1281
syslog/24165,process/1282
syslog/24167,process/1283
syslog/24172,process/1284
syslog/24180,process/1285
syslog/24187,process/1286
syslog/24197,process/1287
syslog/24201,process/1288
syslog/24204,process/1289
syslog/24205,process/1290
syslog/24206,process/1291
syslog/24207,process/1292
syslog/24208,process/1293
syslog/24209,process/1294
syslog/24210,process/1295
syslog/24212,process/1296
syslog/24213,process/1297
syslog/24214,process/1298
syslog/24217,process/1299
syslog/24220,process/1300
syslog/24228,process/1301
syslog/24230,process/1302
syslog/24232,process/1303
syslog/24237,process/1304
syslog/24238,process/1305
syslog/24240,process/1306
syslog/24241,process/1307
syslog/24248,process/1308
syslog/24252,process/1309
syslog/24259,process/1310
syslog/24261,process/1311
syslog/24264,process/1312
syslog/24266,process/1313
syslog/24270,process/1314
syslog/24274,process/1315
syslog/24281,process/1316
syslog/24282,process/1317
syslog/24292,process/1318
syslog/24296,process/1319
syslog/24300,process/1320
syslog/24301,process/1321
syslog/24304,process/1322
syslog/24306,process/1323
syslog/24308,process/1324
syslog/24310,process/1325
syslog/24314,process/1326
syslog/24320,process/1327
syslog/24321,process/1328
syslog/24322,process/1329
syslog/24323,process/1330
syslog/24328,process/1331
syslog/24331,process/1332
syslog/24334,process/1333
syslog/24339,process/1334
syslog/24342,process/1335
syslog/24353,process/1336
syslog/24381,process/1337
syslog/24382,process/1338
syslog/24384,process/1339
syslog/24386,process/1340
syslog/24394,process/1341
syslog/24403,process/1342
syslog/24405,process/1343
syslog/24898,process/1344
syslog/24909,process/1345
syslog/24911,process/1346
syslog/24931,process/1347
syslog/24941,process/1348
syslog/24954,process/1349
syslog/24958,process/1350
syslog/24965,process/1351
syslog/24968,process/1352
syslog/24977,process/1353
syslog/24981,process/1354
syslog/24986,process/1355
syslog/24987,process/1356
syslog/24989,process/1357
syslog/24996,process/1358
syslog/24997,process/1359
syslog/24999,process/1360
syslog/25008,process/1361
syslog/25028,process/1362
syslog/25032,process/1363
syslog/25035,process/1364
syslog/25039,process/1365
syslog/25040,process/1366
syslog/25042,process/1367
syslog/25051,process/1368
syslog/25052,process/1369
syslog/25053,process/1370
syslog/25055,process/1371
syslog/25057,process/1372
syslog/25068,process/1373
syslog/25093,process/1374
syslog/25109,process/1375
syslog/25111,process/1376
syslog/25114,process/1377
syslog/25127,process/1378
syslog/25129,process/1379
syslog/25133,process/1380
syslog/25158,process/1381
syslog/25161,process/1382
syslog/25162,process/1383
syslog/25167,process/1384
syslog/25172,process/1385
syslog/25176,process/1386
syslog/25178,process/1387
syslog/25181,process/1388
syslog/25184,process/1389
syslog/25186,process/1390
syslog/25191,process/1391
syslog/25193,process/1392
syslog/25196,process/1393
syslog/25200,process/1394
syslog/25202,process/1395
syslog/25206,process/1396
syslog/25207,process/1397
syslog/25211,process/1398
syslog/25214,process/1399
syslog/25217,process/1400
syslog/25220,process/1401
syslog/25223,process/1402
syslog/25227,process/1403
syslog/25228,process/1404
syslog/25233,process/1405
syslog/25234,process/1406
syslog/25239,process/1407
syslog/25240,process/1408
syslog/25245,process/1409
syslog/25246,process/1410
syslog/25251,process/1411
syslog/25252,process/1412
syslog/25256,process/1413
syslog/25259,process/1414
syslog/25263,process/1415
syslog/25264,process/1416
syslog/25269,process/1417
syslog/25270,process/1418
syslog/25275,process/1419
syslog/25276,process/1420
syslog/25281,process/1421
syslog/25282,process/1422
syslog/25287,process/1423
syslog/25288,process/1424
syslog/25293,process/1425
syslog/25294,process/1426
syslog/25298,process/1427
syslog/25301,process/1428
syslog/25304,process/1429
syslog/25308,process/1430
syslog/25309,process/1431
syslog/25314,process/1432
syslog/25315,process/1433
syslog/25319,process/1434
syslog/25323,process/1435
syslog/25324,process/1436
syslog/25329,process/1437
syslog/25330,process/1438
syslog/25335,process/1439
syslog/25336,process/1440
syslog/25341,process/1441
syslog/25342,process/1442
syslog/25346,process/1443
syslog/25349,process/1444
syslog/25352,process/1445
syslog/25356,process/1446
syslog/25357,process/1447
syslog/25360,process/1448
syslog/25365,process/1449
syslog/25367,process/1450
syslog/25371,process/1451
syslog/25373,process/1452
syslog/25376,process/1453
syslog/25382,process/1454
syslog/25383,process/1455
syslog/25388,process/1456
syslog/25390,process/1457
syslog/25394,process/1458
syslog/25396,process/1459
syslog/25400,process/1460
syslog/25401,process/1461
syslog/25406,process/1462
syslog/25407,process/1463
syslog/25412,process/1464
syslog/25413,process/1465
syslog/25418,process/1466
syslog/25419,process/1467
syslog/25424,process/1468
syslog/25425,process/1469
syslog/25430,process/1470
syslog/25431,process/1471
syslog/25435,process/1472
syslog/25439,process/1473
syslog/25440,process/1474
syslog/25445,process/1475
syslog/25446,process/1476
syslog/25450,process/1477
syslog/25453,process/1478
syslog/25457,process/1479
syslog/25458,process/1480
syslog/25463,process/1481
syslog/25464,process/1482
syslog/25469,process/1483
syslog/25470,process/1484
syslog/25474,process/1485
syslog/25478,process/1486
syslog/25479,process/1487
syslog/25484,process/1488
syslog/25485,process/1489
syslog/25489,process/1490
syslog/25493,process/1491
syslog/25497,process/1492
syslog/25505,process/1493
syslog/25506,process/1494
syslog/25509,process/1495
syslog/25510,process/1496
syslog/25518,process/1497
syslog/25520,process/1498
syslog/25521,process/1499
syslog/25524,process/1500
syslog/25654,process/1501
syslog/25663,process/1502
syslog/25670,process/1503
syslog/25680,process/1504
syslog/25682,process/1505
syslog/25685,process/1506
syslog/25686,process/1507
syslog/25692,process/1508
syslog/25694,process/1509
syslog/25696,process/1510
syslog/25697,process/1511
syslog/25698,process/1512
syslog/25699,process/1513
syslog/25713,process/1514
syslog/25715,process/1515
syslog/25723,process/1516
syslog/25724,process/1517
syslog/25733,process/1518
syslog/25736,process/1519
syslog/25739,process/1520
syslog/25745,process/1521
syslog/25747,process/1522
syslog/25754,process/1523
syslog/25772,process/1524
syslog/25777,process/1525
syslog/25778,process/1526
syslog/25785,process/1527
syslog/25792,process/1528
syslog/25793,process/1529
syslog/25794,process/1530
syslog/25800,process/1531
syslog/25803,process/1532
syslog/25806,process/1533
syslog/25817,process/1534
syslog/25818,process/1535
syslog/25826,process/1536
syslog/25834,process/1537
syslog/25835,process/1538
syslog/25844,process/1539
syslog/25869,process/1540
syslog/25871,process/1541
syslog/25878,process/1542
syslog/25883,process/1543
syslog/25895,process/1544
syslog/25906,process/1545
syslog/25911,process/1546
syslog/25912,process/1547
syslog/25917,process/1548
syslog/25927,process/1549
syslog/25930,process/1550
syslog/25946,process/1551
syslog/25952,process/1552
syslog/25955,process/1553
syslog/25959,process/1554
syslog/25967,process/1555
syslog/25968,process/1556
syslog/25976,process/1557
syslog/25978,process/1558
syslog/25987,process/1559
syslog/25988,process/1560
syslog/25990,process/1561
syslog/25992,process/1562
syslog/25993,process/1563
syslog/26009,process/1564
syslog/26012,process/1565
syslog/26030,process/1566
syslog/26046,process/1567
syslog/26047,process/1568
syslog/26061,process/1569
syslog/26064,process/1570
syslog/26069,process/1571
syslog/26070,process/1572
syslog/26073,process/1573
syslog/26078,process/1574
syslog/26080,process/1575
syslog/26086,process/1576
syslog/26097,process/1577
syslog/26101,process/1578
syslog/26110,process/1579
syslog/26116,process/1580
syslog/26126,process/1581
syslog/26130,process/1582
syslog/26131,process/1583
syslog/26136,process/1584
syslog/26146,process/1585
syslog/26153,process/1586
syslog/26154,process/1587
syslog/26158,process/1588
syslog/26159,process/1589
syslog/26169,process/1590
syslog/26181,process/1591
syslog/26186,process/1592
syslog/26188,process/1593
syslog/26191,process/1594
syslog/26192,process/1595
syslog/26194,process/1596
syslog/26198,process/1597
syslog/26205,process/1598
syslog/26212,process/1599
syslog/26215,process/1600
syslog/26224,process/1601
syslog/26233,process/1602
syslog/26250,process/1603
syslog/26251,process/1604
syslog/26256,process/1605
syslog/26277,process/1606
syslog/26280,process/1607
syslog/26282,process/1608
syslog/26291,process/1609
syslog/26293,process/1610
syslog/26299,process/1611
syslog/26300,process/1612
syslog/26317,process/1613
syslog/26321,process/1614
syslog/26322,process/1615
syslog/26323,process/1616
syslog/26327,process/1617
syslog/26329,process/1618
syslog/26347,process/1619
syslog/26353,process/1620
syslog/26375,process/1621
syslog/26376,process/1622
syslog/26379,process/1623
syslog/26384,process/1624
syslog/26385,process/1625
syslog/26386,process/1626
syslog/26390,process/1627
syslog/26398,process/1628
syslog/26454,process/1629
syslog/26456,process/1630
syslog/26469,process/1631
syslog/26470,process/1632
syslog/26490,process/1633
syslog/26494,process/1634
syslog/26504,process/1635
syslog/26543,process/1636
syslog/26544,process/1637
syslog/26548,process/1638
syslog/26567,process/1639
syslog/26569,process/1640
syslog/26574,process/1641
syslog/26581,process/1642
syslog/26583,process/1643
syslog/26584,process/1644
syslog/26645,process/1645
syslog/26652,process/1646
syslog/26653,process/1647
syslog/26692,process/1648
syslog/26705,process/1649
syslog/26710,process/1650
syslog/26713,process/1651
syslog/26771,process/1652
syslog/26810,process/1653
syslog/26812,process/1654
syslog/26825,process/1655
syslog/26890,process/1656
syslog/26891,process/1657
syslog/26892,process/1658
syslog/26897,process/1659
syslog/26901,process/1660
syslog/26975,process/1661
syslog/26983,process/1662
syslog/27018,process/1663
syslog/27069,process/1664
syslog/27074,process/1665
syslog/27076,process/1666
syslog/27081,process/1667
syslog/27086,process/1668
syslog/27139,process/1669
syslog/27147,process/1670
syslog/27172,process/1671
syslog/27174,process/1672
syslog/27180,process/1673
syslog/27184,process/1674
syslog/27197,process/1675
syslog/27203,process/1676
syslog/27236,process/1677
syslog/27262,process/1678
syslog/27282,process/1679
syslog/27285,process/1680
syslog/27296,process/1681
syslog/27397,process/1682
syslog/27404,process/1683
syslog/27597,process/1684
syslog/27600,process/1685
syslog/27662,process/1686
syslog/27666,process/1687
syslog/27675,process/1688
syslog/27682,process/1689
syslog/27684,process/1690
syslog/27692,process/1691
syslog/27696,process/1692
syslog/27705,process/1693
syslog/27711,process/1694
syslog/27714,process/1695
syslog/27723,process/1696
syslog/27725,process/1697
syslog/27729,process/1698
syslog/27731,process/1699
syslog/27732,process/1700
syslog/27733,process/1701
syslog/27737,process/1702
syslog/27738,process/1703
syslog/27773,process/1704
syslog/27807,process/1705
syslog/27813,process/1706
syslog/27814,process/1707
syslog/27817,process/1708
syslog/27818,process/1709
syslog/27829,process/1710
syslog/27833,process/1711
syslog/27866,process/1712
syslog/27874,process/1713
syslog/27887,process/1714
syslog/27899,process/1715
syslog/28048,process/1716
syslog/28058,process/1717
syslog/28068,process/1718
syslog/28083,process/1719
syslog/28089,process/1720
syslog/28093,process/1721
syslog/28101,process/1722
syslog/28102,process/1723
syslog/28104,process/1724
syslog/28106,process/1725
syslog/28112,process/1726
syslog/28116,process/1727
syslog/28117,process/1728
syslog/28124,process/1729
syslog/28129,process/1730
syslog/28130,process/1731
syslog/28147,process/1732
syslog/28152,process/1733
syslog/28211,process/1734
syslog/28213,process/1735
syslog/28214,process/1736
syslog/28291,process/1737
syslog/28292,process/1738
syslog/28338,process/1739
syslog/28342,process/1740
syslog/28343,process/1741
syslog/28349,process/1742
syslog/28359,process/1743
syslog/28360,process/1744
syslog/28363,process/1745
syslog/28366,process/1746
syslog/28373,process/1747
syslog/28374,process/1748
syslog/28379,process/1749
syslog/28387,process/1750
syslog/28394,process/1751
syslog/28406,process/1752
syslog/28412,process/1753
syslog/28417,process/1754
syslog/28419,process/1755
syslog/28473,process/1756
syslog/28489,process/1757
syslog/28492,process/1758
syslog/28493,process/1759
syslog/28498,process/1760
syslog/28499,process/1761
syslog/28534,process/1762
syslog/28537,process/1763
syslog/28542,process/1764
syslog/28543,process/1765
syslog/28549,process/1766
syslog/28550,process/1767
syslog/28591,process/1768
syslog/28605,process/1769
syslog/28619,process/1770
syslog/28641,process/1771
syslog/28646,process/1772
syslog/28697,process/1773
syslog/28707,process/1774
syslog/28709,process/1775
syslog/28713,process/1776
syslog/28737,process/1777
syslog/28742,process/1778
syslog/28788,process/1779
syslog/28849,process/1780
syslog/28857,process/1781
syslog/28876,process/1782
syslog/28879,process/1783
syslog/28929,process/1784
syslog/28990,process/1785
syslog/29041,process/1786
syslog/29111,process/1787
syslog/29115,process/1788
syslog/29116,process/1789
syslog/29130,process/1790
syslog/29132,process/1791
syslog/29136,process/1792
syslog/29141,process/1793
syslog/29144,process/1794
syslog/29151,process/1795
syslog/29171,process/1796
syslog/29178,process/1797
syslog/29180,process/1798
syslog/29186,process/1799
syslog/29191,process/1800
syslog/29211,process/1801
syslog/29216,process/1802
syslog/29218,process/1803
syslog/29219,process/1804
syslog/29220,process/1805
syslog/29221,process/1806
syslog/29229,process/1807
syslog/29231,process/1808
syslog/29232,process/1809
syslog/29237,process/1810
syslog/29242,process/1811
syslog/29245,process/1812
syslog/29253,process/1813
syslog/29255,process/1814
syslog/29282,process/1815
syslog/29288,process/1816
syslog/29294,process/1817
syslog/29332,process/1818
syslog/29348,process/1819
syslog/29349,process/1820
syslog/29351,process/1821
syslog/29352,process/1822
syslog/29365,process/1823
syslog/29377,process/1824
syslog/29384,process/1825
syslog/29459,process/1826
syslog/29477,process/1827
syslog/29488,process/1828
syslog/29499,process/1829
syslog/29556,process/1830
syslog/29582,process/1831
syslog/29587,process/1832
syslog/29635,process/1833
syslog/29657,process/1834
syslog/29659,process/1835
syslog/29667,process/1836
syslog/29677,process/1837
syslog/29809,process/1838
syslog/29814,process/1839
syslog/29880,process/1840
syslog/29887,process/1841
syslog/29888,process/1842
syslog/29890,process/1843
syslog/29891,process/1844
syslog/29893,process/1845
syslog/29899,process/1846
syslog/29905,process/1847
syslog/29907,process/1848
syslog/29911,process/1849
syslog/29916,process/1850
syslog/29937,process/1851
syslog/29952,process/1852
syslog/29963,process/1853
syslog/29974,process/1854
syslog/29989,process/1855
syslog/29992,process/1856
syslog/30054,process/1857
syslog/30112,process/1858
syslog/30121,process/1859
syslog/30131,process/1860
syslog/30140,process/1861
syslog/30142,process/1862
syslog/30144,process/1863
syslog/30147,process/1864
syslog/30154,process/1865
syslog/30196,process/1866
syslog/30200,process/1867
syslog/30288,process/1868
syslog/30293,process/1869
syslog/30295,process/1870
syslog/30296,process/1871
syslog/30297,process/1872
syslog/30300,process/1873
syslog/30301,process/1874
syslog/30302,process/1875
syslog/30309,process/1876
syslog/30310,process/1877
syslog/30311,process/1878
syslog/30314,process/1879
syslog/30326,process/1880
syslog/30327,process/1881
syslog/30328,process/1882
syslog/30330,process/1883
syslog/30338,process/1884
syslog/30339,process/1885
syslog/30347,process/1886
syslog/30351,process/1887
syslog/30374,process/1888
syslog/30375,process/1889
syslog/30441,process/1890
syslog/30442,process/1891
syslog/30463,process/1892
syslog/30464,process/1893
syslog/30470,process/1894
syslog/30528,process/1895
syslog/30529,process/1896
syslog/30545,process/1897
syslog/30547,process/1898
syslog/30554,process/1899
syslog/30555,process/1900
syslog/30556,process/1901
syslog/30561,process/1902
syslog/30564,process/1903
syslog/30567,process/1904
syslog/30580,process/1905
syslog/30585,process/1906
syslog/30588,process/1907
syslog/30594,process/1908
syslog/30607,process/1909
syslog/30608,process/1910
syslog/30613,process/1911
syslog/30633,process/1912
syslog/30675,process/1913
syslog/30743,process/1914
syslog/30746,process/1915
syslog/30767,process/1916
syslog/30773,process/1917
syslog/30776,process/1918
syslog/30789,process/1919
syslog/30790,process/1920
syslog/30892,process/1921
syslog/30894,process/1922
syslog/30899,process/1923
syslog/30907,process/1924
syslog/30917,process/1925
syslog/30936,process/1926
syslog/30940,process/1927
syslog/30954,process/1928
syslog/30959,process/1929
syslog/30987,process/1930
syslog/31027,process/1931
syslog/31067,process/1932
syslog/31134,process/1933
syslog/31138,process/1934
syslog/31140,process/1935
syslog/31141,process/1936
syslog/31143,process/1937
syslog/31145,process/1938
syslog/31146,process/1939
syslog/31149,process/1940
syslog/31150,process/1941
syslog/31151,process/1942
syslog/31156,process/1943
syslog/31161,process/1944
syslog/31218,process/1945
syslog/31223,process/1946
syslog/31226,process/1947
syslog/31245,process/1948
syslog/31247,process/1949
syslog/31250,process/1950
syslog/31251,process/1951
syslog/31254,process/1952
syslog/31255,process/1953
syslog/31257,process/1954
syslog/31258,process/1955
syslog/31260,process/1956
syslog/31263,process/1957
syslog/31264,process/1958
syslog/31266,process/1959
syslog/31268,process/1960
syslog/31269,process/1961
syslog/31271,process/1962
syslog/31274,process/1963
syslog/31276,process/1964
syslog/31279,process/1965
syslog/31281,process/1966
syslog/31282,process/1967
syslog/31284,process/1968
syslog/31285,process/1969
syslog/31287,process/1970
syslog/31288,process/1971
syslog/31291,process/1972
syslog/31339,process/1973
syslog/31340,process/1974
syslog/31341,process/1975
syslog/31352,process/1976
syslog/31369,process/1977
syslog/31373,process/1978
syslog/31376,process/1979
syslog/31377,process/1980
syslog/31378,process/1981
syslog/31382,process/1982
syslog/31386,process/1983
syslog/31388,process/1984
syslog/31389,process/1985
syslog/31390,process/1986
syslog/31394,process/1987
syslog/31395,process/1988
syslog/31397,process/1989
syslog/31408,process/1990
syslog/31414,process/1991
syslog/31416,process/1992
syslog/31429,process/1993
syslog/31431,process/1994
syslog/31433,process/1995
syslog/31435,process/1996
syslog/31437,process/1997
syslog/31439,process/1998
syslog/31451,process/1999
syslog/31453,process/2000
syslog/31461,process/2001
syslog/31520,process/2002
syslog/31522,process/2003
syslog/31529,process/2004
syslog/31532,process/2005
syslog/31541,process/2006
syslog/31542,process/2007
syslog/31543,process/2008
syslog/31544,process/2009
syslog/31557,process/2010
syslog/31559,process/2011
syslog/31561,process/2012
syslog/31562,process/2013
syslog/31563,process/2014
syslog/31564,process/2015
syslog/31574,process/2016
syslog/31577,process/2017
syslog/31578,process/2018
syslog/31599,process/2019
syslog/31600,process/2020
syslog/31606,process/2021
syslog/31612,process/2022
syslog/31630,process/2023
syslog/31631,process/2024
syslog/31641,process/2025
syslog/31644,process/2026
syslog/31645,process/2027
syslog/31650,process/2028
syslog/31651,process/2029
syslog/31656,process/2030
syslog/31659,process/2031
syslog/31663,process/2032
syslog/31665,process/2033
syslog/31668,process/2034
syslog/31675,process/2035
syslog/31678,process/2036
syslog/31690,process/2037
syslog/31692,process/2038
syslog/31694,process/2039
syslog/31698,process/2040
syslog/31714,process/2041
syslog/31728,process/2042
syslog/31731,process/2043
syslog/31736,process/2044
syslog/31741,process/2045
syslog/31743,process/2046
syslog/31748,process/2047
syslog/31752,process/2048
syslog/31758,process/2049
syslog/31759,process/2050
syslog/31760,process/2051
syslog/31763,process/2052
syslog/31764,process/2053
syslog/31806,process/2054
syslog/31825,process/2055
syslog/31830,process/2056
syslog/31841,process/2057
syslog/31844,process/2058
syslog/31845,process/2059
syslog/31849,process/2060
syslog/31852,process/2061
syslog/31860,process/2062
syslog/31873,process/2063
syslog/31886,process/2064
syslog/31889,process/2065
syslog/31890,process/2066
syslog/31897,process/2067
syslog/31899,process/2068
syslog/31908,process/2069
syslog/31909,process/2070
syslog/31916,process/2071
syslog/31952,process/2072
syslog/31960,process/2073
syslog/31962,process/2074
syslog/31965,process/2075
syslog/32022,process/2076
syslog/32026,process/2077
syslog/32029,process/2078
syslog/32036,process/2079
syslog/32047,process/2080
syslog/32056,process/2081
syslog/32064,process/2082
syslog/32067,process/2083
syslog/32111,process/2084
syslog/32113,process/2085
syslog/32190,process/2086
syslog/32213,process/2087
syslog/32236,process/2088
syslog/32269,process/2089
syslog/32270,process/2090
syslog/32273,process/2091
syslog/32289,process/2092
syslog/32330,process/2093
syslog/32336,process/2094
syslog/32338,process/2095
syslog/32343,process/2096
syslog/32352,process/2097
syslog/32356,process/2098
syslog/32364,process/2099
syslog/32365,process/2100
syslog/32371,process/2101
syslog/32373,process/2102
syslog/32374,process/2103
syslog/32375,process/2104
syslog/32376,process/2105
syslog/32381,process/2106
syslog/32382,process/2107
syslog/32385,process/2108
syslog/32389,process/2109
syslog/32395,process/2110
syslog/32402,process/2111
syslog/32404,process/2112
syslog/32406,process/2113
syslog/32407,process/2114
syslog/32421,process/2115
syslog/32422,process/2116
syslog/32427,process/2117
syslog/32428,process/2118
syslog/32437,process/2119
syslog/32438,process/2120
syslog/32439,process/2121
syslog/32440,process/2122
syslog/32441,process/2123
syslog/32449,process/2124
syslog/32450,process/2125
syslog/32451,process/2126
syslog/32452,process/2127
syslog/32453,process/2128
syslog/32454,process/2129
syslog/32457,process/2130
syslog/32460,process/2131
syslog/32461,process/2132
syslog/32476,process/2133
syslog/32477,process/2134
syslog/32481,process/2135
syslog/32484,process/2136
syslog/32485,process/2137
syslog/32486,process/2138
syslog/32487,process/2139
syslog/32488,process/2140
syslog/32491,process/2141
syslog/32492,process/2142
syslog/32494,process/2143
syslog/32495,process/2144
syslog/32517,process/2145
syslog/32518,process/2146
syslog/32519,process/2147
syslog/32520,process/2148
syslog/32525,process/2149
syslog/32526,process/2150
syslog/32527,process/2151
syslog/32531,process/2152
syslog/32548,process/2153
syslog/32554,process/2154
syslog/32557,process/2155
syslog/32570,process/2156
syslog/32572,process/2157
syslog/32573,process/2158
syslog/32574,process/2159
syslog/32575,process/2160
syslog/32580,process/2161
syslog/32582,process/2162
syslog/32583,process/2163
syslog/32590,process/2164
syslog/32598,process/2165
syslog/32599,process/2166
syslog/32602,process/2167
syslog/32603,process/2168
syslog/32604,process/2169
syslog/32605,process/2170
syslog/32606,process/2171
syslog/32607,process/2172
syslog/32608,process/2173
syslog/32609,process/2174
syslog/32610,process/2175
syslog/32611,process/2176
syslog/32614,process/2177
syslog/32630,process/2178
syslog/32635,process/2179
syslog/32636,process/2180
syslog/32650,process/2181
syslog/32651,process/2182
syslog/32663,process/2183
syslog/32671,process/2184
syslog/32672,process/2185
syslog/32675,process/2186
syslog/32697,process/2187
syslog/32700,process/2188
syslog/32701,process/2189
syslog/32702,process/2190
syslog/32739,process/2191
syslog/32787,process/2192
syslog/32795,process/2193
syslog/32797,process/2194
syslog/32799,process/2195
syslog/32813,process/2196
syslog/32832,process/2197
syslog/32833,process/2198
syslog/32834,process/2199
syslog/32835,process/2200
syslog/32846,process/2201
syslog/32847,process/2202
syslog/32889,process/2203
syslog/32898,process/2204
syslog/32899,process/2205
syslog/32901,process/2206
syslog/32902,process/2207
syslog/32920,process/2208
syslog/32925,process/2209
syslog/32926,process/2210
syslog/32927,process/2211
syslog/32945,process/2212
syslog/32949,process/2213
syslog/32950,process/2214
syslog/32951,process/2215
syslog/32952,process/2216
syslog/32953,process/2217
syslog/32954,process/2218
syslog/32955,process/2219
syslog/32959,process/2220
syslog/32961,process/2221
syslog/32965,process/2222
syslog/32976,process/2223
syslog/32978,process/2224
syslog/32980,process/2225
syslog/32997,process/2226
syslog/33000,process/2227
syslog/33016,process/2228
syslog/33018,process/2229
syslog/33019,process/2230
syslog/33024,process/2231
syslog/33025,process/2232
syslog/33026,process/2233
syslog/33040,process/2234
syslog/33043,process/2235
syslog/33055,process/2236
syslog/33056,process/2237
syslog/33061,process/2238
syslog/33064,process/2239
syslog/33065,process/2240
syslog/33070,process/2241
syslog/33072,process/2242
syslog/33074,process/2243
syslog/33079,process/2244
syslog/33085,process/2245
syslog/33086,process/2246
syslog/33093,process/2247
syslog/33114,process/2248
syslog/33117,process/2249
syslog/33153,process/2250
syslog/33155,process/2251
syslog/33163,process/2252
syslog/33175,process/2253
syslog/33190,process/2254
syslog/33192,process/2255
syslog/33194,process/2256
syslog/33195,process/2257
syslog/33205,process/2258
syslog/33224,process/2259
syslog/33226,process/2260
syslog/33227,process/2261
syslog/33228,process/2262
syslog/33229,process/2263
syslog/33244,process/2264
syslog/33258,process/2265
syslog/33259,process/2266
syslog/33263,process/2267
syslog/33266,process/2268
syslog/33267,process/2269
syslog/33268,process/2270
syslog/33289,process/2271
syslog/33303,process/2272
syslog/33304,process/2273
syslog/33345,process/2274
syslog/33353,process/2275
syslog/33363,process/2276
syslog/33364,process/2277
syslog/33365,process/2278
syslog/33368,process/2279
syslog/33369,process/2280
syslog/33370,process/2281
syslog/33371,process/2282
syslog/33372,process/2283
syslog/33375,process/2284
syslog/33398,process/2285
syslog/33399,process/2286
syslog/33424,process/2287
syslog/33457,process/2288
syslog/33458,process/2289
syslog/33461,process/2290
syslog/33462,process/2291
syslog/33469,process/2292
syslog/33479,process/2293
syslog/33480,process/2294
syslog/33481,process/2295
syslog/33522,process/2296
syslog/33527,process/2297
syslog/33553,process/2298
syslog/33565,process/2299
syslog/33568,process/2300
syslog/33569,process/2301
syslog/33570,process/2302
syslog/33577,process/2303
syslog/33596,process/2304
syslog/33597,process/2305
syslog/33598,process/2306
syslog/33602,process/2307
syslog/33605,process/2308
syslog/33642,process/2309
syslog/33658,process/2310
syslog/33694,process/2311
syslog/33711,process/2312
syslog/33726,process/2313
syslog/33798,process/2314
syslog/33804,process/2315
syslog/33830,process/2316
syslog/34057,process/2317
syslog/34070,process/2318
syslog/34072,process/2319
syslog/34074,process/2320
syslog/34076,process/2321
syslog/34078,process/2322
syslog/34080,process/2323
syslog/34083,process/2324
syslog/34084,process/2325
syslog/34085,process/2326
syslog/34088,process/2327
syslog/34090,process/2328
syslog/34092,process/2329
syslog/34094,process/2330
syslog/34095,process/2331
syslog/34099,process/2332
syslog/34101,process/2333
syslog/34103,process/2334
syslog/34104,process/2335
syslog/34105,process/2336
syslog/34108,process/2337
syslog/34110,process/2338
syslog/34111,process/2339
syslog/34112,process/2340
syslog/34114,process/2341
syslog/34115,process/2342
syslog/34116,process/2343
syslog/34118,process/2344
syslog/34119,process/2345
syslog/34121,process/2346
syslog/34122,process/2347
syslog/34123,process/2348
syslog/34126,process/2349
syslog/34127,process/2350
syslog/34130,process/2351
syslog/34131,process/2352
syslog/34133,process/2353
syslog/34134,process/2354
syslog/34136,process/2355
syslog/34138,process/2356
syslog/34139,process/2357
syslog/34140,process/2358
syslog/34141,process/2359
syslog/34143,process/2360
syslog/34145,process/2361
syslog/34147,process/2362
syslog/34148,process/2363
syslog/34151,process/2364
syslog/34153,process/2365
syslog/34154,process/2366
syslog/34156,process/2367
syslog/34158,process/2368
syslog/34159,process/2369
syslog/34161,process/2370
syslog/34162,process/2371
syslog/34166,process/2372
syslog/34167,process/2373
syslog/34168,process/2374
syslog/34169,process/2375
syslog/34171,process/2376
syslog/34172,process/2377
syslog/34173,process/2378
syslog/34175,process/2379
syslog/34177,process/2380
syslog/34178,process/2381
syslog/34180,process/2382
syslog/34183,process/2383
syslog/34184,process/2384
syslog/34185,process/2385
syslog/34187,process/2386
syslog/34188,process/2387
syslog/34190,process/2388
syslog/34191,process/2389
syslog/34192,process/2390
syslog/34194,process/2391
syslog/34195,process/2392
syslog/34196,process/2393
syslog/34198,process/2394
syslog/34201,process/2395
syslog/34202,process/2396
syslog/34203,process/2397
syslog/34205,process/2398
syslog/34206,process/2399
syslog/34207,process/2400
syslog/34209,process/2401
syslog/34214,process/2402
syslog/34217,process/2403
syslog/34218,process/2404
syslog/34231,process/2405
syslog/34241,process/2406
syslog/34242,process/2407
syslog/34253,process/2408
syslog/34262,process/2409
syslog/34265,process/2410
syslog/34267,process/2411
syslog/34280,process/2412
syslog/34293,process/2413
syslog/34300,process/2414
syslog/34302,process/2415
syslog/34306,process/2416
syslog/34308,process/2417
syslog/34312,process/2418
syslog/34314,process/2419
syslog/34315,process/2420
syslog/34319,process/2421
syslog/34321,process/2422
syslog/34323,process/2423
syslog/34327,process/2424
syslog/34330,process/2425
syslog/34332,process/2426
syslog/34333,process/2427
syslog/34335,process/2428
syslog/34336,process/2429
syslog/34339,process/2430
syslog/34341,process/2431
syslog/34342,process/2432
syslog/34345,process/2433
syslog/34348,process/2434
syslog/34353,process/2435
syslog/34354,process/2436
syslog/34356,process/2437
syslog/34360,process/2438
syslog/34361,process/2439
syslog/34363,process/2440
syslog/34365,process/2441
syslog/34367,process/2442
syslog/34371,process/2443
syslog/34374,process/2444
syslog/34375,process/2445
syslog/34377,process/2446
syslog/34378,process/2447
syslog/34380,process/2448
syslog/34381,process/2449
syslog/34383,process/2450
syslog/34385,process/2451
syslog/34387,process/2452
syslog/34388,process/2453
syslog/34391,process/2454
syslog/34392,process/2455
syslog/34395,process/2456
syslog/34396,process/2457
syslog/34398,process/2458
syslog/34402,process/2459
syslog/34403,process/2460
syslog/34410,process/2461
syslog/34413,process/2462
syslog/34415,process/2463
syslog/34419,process/2464
syslog/34420,process/2465
syslog/34427,process/2466
syslog/34428,process/2467
syslog/34430,process/2468
syslog/34432,process/2469
syslog/34437,process/2470
syslog/34441,process/2471
syslog/34442,process/2472
syslog/34448,process/2473
syslog/34449,process/2474
syslog/34455,process/2475
syslog/34456,process/2476
syslog/34458,process/2477
syslog/34460,process/2478
syslog/34463,process/2479
syslog/34464,process/2480
syslog/34465,process/2481
syslog/34467,process/2482
syslog/34468,process/2483
syslog/34469,process/2484
syslog/34471,process/2485
syslog/34473,process/2486
syslog/34477,process/2487
syslog/34479,process/2488
syslog/34480,process/2489
syslog/34481,process/2490
syslog/34482,process/2491
syslog/34484,process/2492
syslog/34486,process/2493
syslog/34487,process/2494
syslog/34489,process/2495
syslog/34490,process/2496
syslog/34492,process/2497
syslog/34495,process/2498
syslog/34497,process/2499
syslog/34500,process/2500
syslog/34502,process/2501
syslog/34505,process/2502
syslog/34509,process/2503
syslog/34510,process/2504
syslog/34512,process/2505
syslog/34514,process/2506
syslog/34519,process/2507
syslog/34520,process/2508
syslog/34522,process/2509
syslog/34526,process/2510
syslog/34527,process/2511
syslog/34530,process/2512
syslog/34532,process/2513
syslog/34533,process/2514
syslog/34537,process/2515
syslog/34539,process/2516
syslog/34542,process/2517
syslog/34545,process/2518
syslog/34547,process/2519
syslog/34549,process/2520
syslog/34553,process/2521
syslog/34556,process/2522
syslog/34557,process/2523
syslog/34558,process/2524
syslog/34559,process/2525
syslog/34561,process/2526
syslog/34576,process/2527
syslog/34579,process/2528
syslog/34582,process/2529
syslog/34585,process/2530
syslog/34587,process/2531
syslog/34590,process/2532
syslog/34592,process/2533
syslog/34593,process/2534
syslog/34595,process/2535
syslog/34596,process/2536
syslog/34599,process/2537
syslog/34601,process/2538
syslog/34602,process/2539
syslog/34606,process/2540
syslog/34608,process/2541
syslog/34610,process/2542
syslog/34611,process/2543
syslog/34613,process/2544
syslog/34615,process/2545
syslog/34616,process/2546
syslog/34620,process/2547
syslog/34621,process/2548
syslog/34624,process/2549
syslog/34625,process/2550
syslog/34626,process/2551
syslog/34630,process/2552
syslog/34657,process/2553
syslog/34660,process/2554
syslog/34672,process/2555
syslog/34674,process/2556
syslog/34675,process/2557
syslog/34681,process/2558
syslog/34683,process/2559
syslog/34684,process/2560
syslog/34685,process/2561
syslog/34686,process/2562
syslog/34687,process/2563
syslog/34689,process/2564
syslog/34691,process/2565
syslog/34692,process/2566
syslog/34695,process/2567
syslog/34697,process/2568
syslog/34698,process/2569
syslog/34710,process/2570
syslog/34711,process/2571
syslog/34721,process/2572
syslog/34725,process/2573
syslog/34733,process/2574
syslog/34734,process/2575
syslog/34736,process/2576
syslog/34737,process/2577
syslog/34738,process/2578
syslog/34739,process/2579
syslog/34740,process/2580
syslog/34741,process/2581
syslog/34742,process/2582
syslog/34743,process/2583
syslog/34756,process/2584
syslog/34760,process/2585
syslog/34766,process/2586
syslog/34768,process/2587
syslog/34769,process/2588
syslog/34770,process/2589
syslog/34771,process/2590
syslog/34772,process/2591
syslog/34775,process/2592
syslog/34780,process/2593
syslog/34785,process/2594
syslog/34789,process/2595
syslog/34791,process/2596
syslog/34792,process/2597
syslog/34794,process/2598
syslog/34795,process/2599
syslog/34796,process/2600
syslog/34797,process/2601
syslog/34798,process/2602
syslog/34799,process/2603
syslog/34800,process/2604
syslog/34801,process/2605
syslog/34802,process/2606
syslog/34803,process/2607
syslog/34806,process/2608
syslog/34807,process/2609
syslog/34808,process/2610
syslog/34809,process/2611
syslog/34810,process/2612
syslog/34811,process/2613
syslog/34812,process/2614
syslog/34813,process/2615
syslog/34814,process/2616
syslog/34815,process/2617
syslog/34816,process/2618
syslog/34857,process/2619
syslog/34865,process/2620
syslog/34870,process/2621
syslog/34878,process/2622
syslog/34881,process/2623
syslog/34885,process/2624
syslog/34888,process/2625
syslog/34889,process/2626
syslog/34890,process/2627
syslog/34891,process/2628
syslog/34892,process/2629
syslog/34893,process/2630
syslog/34895,process/2631
syslog/34896,process/2632
syslog/34897,process/2633
syslog/34898,process/2634
syslog/34899,process/2635
syslog/34900,process/2636
syslog/34901,process/2637
syslog/34902,process/2638
syslog/34903,process/2639
syslog/34904,process/2640
syslog/34905,process/2641
syslog/34906,process/2642
syslog/34908,process/2643
syslog/34909,process/2644
syslog/34910,process/2645
syslog/34911,process/2646
syslog/34912,process/2647
syslog/34913,process/2648
syslog/34921,process/2649
syslog/34924,process/2650
syslog/34925,process/2651
syslog/34928,process/2652
syslog/34929,process/2653
syslog/34930,process/2654
syslog/34932,process/2655
syslog/34934,process/2656
syslog/34936,process/2657
syslog/34938,process/2658
syslog/34944,process/2659
syslog/34946,process/2660
syslog/34950,process/2661
syslog/34953,process/2662
syslog/34954,process/2663
syslog/34955,process/2664
syslog/34956,process/2665
syslog/34957,process/2666
syslog/34958,process/2667
syslog/34966,process/2668
syslog/34968,process/2669
syslog/34972,process/2670
syslog/34975,process/2671
syslog/34978,process/2672
syslog/34979,process/2673
syslog/34982,process/2674
syslog/34983,process/2675
syslog/34984,process/2676
syslog/34986,process/2677
syslog/34987,process/2678
syslog/34988,process/2679
syslog/34989,process/2680
syslog/34990,process/2681
syslog/34991,process/2682
syslog/34992,process/2683
syslog/34994,process/2684
syslog/34995,process/2685
syslog/34996,process/2686
syslog/34997,process/2687
syslog/34998,process/2688
syslog/34999,process/2689
syslog/35000,process/2690
syslog/35001,process/2691
syslog/35002,process/2692
syslog/35003,process/2693
syslog/35004,process/2694
syslog/35005,process/2695
syslog/35006,process/2696
syslog/35008,process/2697
syslog/35015,process/2698
syslog/35016,process/2699
syslog/35017,process/2700
syslog/35020,process/2701
syslog/35021,process/2702
syslog/35028,process/2703
syslog/35029,process/2704
syslog/35032,process/2705
syslog/35045,process/2706
syslog/35046,process/2707
syslog/35057,process/2708
syslog/35058,process/2709
syslog/35062,process/2710
syslog/35063,process/2711
syslog/35064,process/2712
syslog/35065,process/2713
syslog/35066,process/2714
syslog/35067,process/2715
syslog/35068,process/2716
syslog/35069,process/2717
syslog/35070,process/2718
syslog/35071,process/2719
syslog/35072,process/2720
syslog/35073,process/2721
syslog/35074,process/2722
syslog/35075,process/2723
syslog/35076,process/2724
syslog/35077,process/2725
syslog/35078,process/2726
syslog/35079,process/2727
syslog/35080,process/2728
syslog/35082,process/2729
syslog/35083,process/2730
syslog/35084,process/2731
syslog/35085,process/2732
syslog/35086,process/2733
syslog/35087,process/2734
syslog/35088,process/2735
syslog/35089,process/2736
syslog/35091,process/2737
syslog/35092,process/2738
syslog/35093,process/2739
syslog/35094,process/2740
syslog/35095,process/2741
syslog/35112,process/2742
syslog/35120,process/2743
syslog/35140,process/2744
syslog/35162,process/2745
syslog/35180,process/2746
syslog/35194,process/2747
syslog/35196,process/2748
syslog/35198,process/2749
syslog/35203,process/2750
syslog/35204,process/2751
syslog/35205,process/2752
syslog/35206,process/2753
syslog/35207,process/2754
syslog/35209,process/2755
syslog/35213,process/2756
syslog/35214,process/2757
syslog/35218,process/2758
syslog/35220,process/2759
syslog/35225,process/2760
syslog/35226,process/2761
syslog/35231,process/2762
syslog/35232,process/2763
syslog/35235,process/2764
syslog/35237,process/2765
syslog/35239,process/2766
syslog/35241,process/2767
syslog/35244,process/2768
syslog/35246,process/2769
syslog/35250,process/2770
syslog/35258,process/2771
syslog/35259,process/2772
syslog/35265,process/2773
syslog/35272,process/2774
syslog/35275,process/2775
syslog/35276,process/2776
syslog/35278,process/2777
syslog/35281,process/2778
syslog/35282,process/2779
syslog/35286,process/2780
syslog/35287,process/2781
syslog/35292,process/2782
syslog/35296,process/2783
syslog/35297,process/2784
syslog/35299,process/2785
syslog/35304,process/2786
syslog/35308,process/2787
syslog/35312,process/2788
syslog/35360,process/2789
syslog/35362,process/2790
syslog/35363,process/2791
syslog/35368,process/2792
syslog/35369,process/2793
syslog/35378,process/2794
syslog/35380,process/2795
syslog/35382,process/2796
syslog/35384,process/2797
syslog/35385,process/2798
syslog/35386,process/2799
syslog/35389,process/2800
syslog/35391,process/2801
syslog/35393,process/2802
syslog/35395,process/2803
syslog/35400,process/2804
syslog/35402,process/2805
syslog/35405,process/2806
syslog/35408,process/2807
syslog/35412,process/2808
syslog/35413,process/2809
syslog/35414,process/2810
syslog/35416,process/2811
syslog/35418,process/2812
syslog/35419,process/2813
syslog/35425,process/2814
syslog/35431,process/2815
syslog/35432,process/2816
syslog/35440,process/2817
syslog/35441,process/2818
syslog/35443,process/2819
syslog/35444,process/2820
syslog/35445,process/2821
syslog/35470,process/2822
syslog/35474,process/2823
syslog/35478,process/2824
syslog/35480,process/2825
syslog/35483,process/2826
syslog/35484,process/2827
syslog/35486,process/2828
syslog/35487,process/2829
syslog/35489,process/2830
syslog/35491,process/2831
syslog/35493,process/2832
syslog/35497,process/2833
syslog/35499,process/2834
syslog/35500,process/2835
syslog/35502,process/2836
syslog/35506,process/2837
syslog/35507,process/2838
syslog/35508,process/2839
syslog/35512,process/2840
syslog/35514,process/2841
syslog/35516,process/2842
syslog/35517,process/2843
syslog/35519,process/2844
syslog/35520,process/2845
syslog/35523,process/2846
syslog/35526,process/2847
syslog/35555,process/2848
syslog/35556,process/2849
syslog/35557,process/2850
syslog/35558,process/2851
syslog/35559,process/2852
syslog/35568,process/2853
syslog/35571,process/2854
syslog/35579,process/2855
syslog/35585,process/2856
syslog/35586,process/2857
syslog/35587,process/2858
syslog/35606,process/2859
syslog/35608,process/2860
syslog/35613,process/2861
syslog/35618,process/2862
syslog/35619,process/2863
syslog/35620,process/2864
syslog/35621,process/2865
syslog/35622,process/2866
syslog/35623,process/2867
syslog/35624,process/2868
syslog/35625,process/2869
syslog/35626,process/2870
syslog/35627,process/2871
syslog/35628,process/2872
syslog/35629,process/2873
syslog/35630,process/2874
syslog/35631,process/2875
syslog/35632,process/2876
syslog/35633,process/2877
syslog/35655,process/2878
syslog/35659,process/2879
syslog/35663,process/2880
syslog/35667,process/2881
syslog/35668,process/2882
syslog/35669,process/2883
syslog/35670,process/2884
syslog/35673,process/2885
syslog/35674,process/2886
syslog/35675,process/2887
syslog/35678,process/2888
syslog/35684,process/2889
syslog/35686,process/2890
syslog/35691,process/2891
syslog/35692,process/2892
syslog/35693,process/2893
syslog/35694,process/2894
syslog/35697,process/2895
syslog/35698,process/2896
syslog/35699,process/2897
syslog/35700,process/2898
syslog/35701,process/2899
syslog/35702,process/2900
syslog/35703,process/2901
syslog/35704,process/2902
syslog/35709,process/2903
syslog/35710,process/2904
syslog/35711,process/2905
syslog/35712,process/2906
syslog/35713,process/2907
syslog/35714,process/2908
syslog/35715,process/2909
syslog/35716,process/2910
syslog/35736,process/2911
syslog/35755,process/2912
syslog/35764,process/2913
syslog/35771,process/2914
syslog/35772,process/2915
syslog/35773,process/2916
syslog/35774,process/2917
syslog/35777,process/2918
syslog/35781,process/2919
syslog/35789,process/2920
syslog/35790,process/2921
syslog/35858,process/2922
syslog/35867,process/2923
syslog/35868,process/2924
syslog/35870,process/2925
syslog/35871,process/2926
syslog/35872,process/2927
syslog/35878,process/2928
syslog/35883,process/2929
syslog/35886,process/2930
syslog/35887,process/2931
syslog/35888,process/2932
syslog/35889,process/2933
syslog/35890,process/2934
syslog/35891,process/2935
syslog/35892,process/2936
syslog/35896,process/2937
syslog/35897,process/2938
syslog/35898,process/2939
syslog/35899,process/2940
syslog/35900,process/2941
syslog/35901,process/2942
syslog/35902,process/2943
syslog/35903,process/2944
syslog/35904,process/2945
syslog/35905,process/2946
syslog/35906,process/2947
syslog/35907,process/2948
syslog/35908,process/2949
syslog/35911,process/2950
syslog/35924,process/2951
syslog/35926,process/2952
syslog/35927,process/2953
syslog/35928,process/2954
syslog/35929,process/2955
syslog/35930,process/2956
syslog/35931,process/2957
syslog/35935,process/2958
syslog/35955,process/2959
syslog/35960,process/2960
syslog/35961,process/2961
syslog/35962,process/2962
syslog/35963,process/2963
syslog/35964,process/2964
syslog/35965,process/2965
syslog/35966,process/2966
syslog/35967,process/2967
syslog/35992,process/2968
syslog/35993,process/2969
syslog/35994,process/2970
syslog/35995,process/2971
syslog/35996,process/2972
syslog/35998,process/2973
syslog/35999,process/2974
syslog/36000,process/2975
syslog/36001,process/2976
syslog/36002,process/2977
syslog/36003,process/2978
syslog/36023,process/2979
syslog/36025,process/2980
syslog/36035,process/2981
syslog/36046,process/2982
syslog/36049,process/2983
syslog/36052,process/2984
syslog/36053,process/2985
syslog/36058,process/2986
syslog/36061,process/2987
syslog/36063,process/2988
syslog/36066,process/2989
syslog/36067,process/2990
syslog/36068,process/2991
syslog/36073,process/2992
syslog/36074,process/2993
syslog/36076,process/2994
syslog/36077,process/2995
syslog/36084,process/2996
syslog/36088,process/2997
syslog/36097,process/2998
syslog/36098,process/2999
syslog/36106,process/3000
syslog/36108,process/3001
syslog/36111,process/3002
syslog/36117,process/3003
syslog/36118,process/3004
syslog/36133,process/3005
syslog/36137,process/3006
syslog/36140,process/3007
syslog/36142,process/3008
syslog/36144,process/3009
syslog/36146,process/3010
syslog/36147,process/3011
syslog/36149,process/3012
syslog/36151,process/3013
syslog/36168,process/3014
syslog/36179,process/3015
syslog/36191,process/3016
syslog/36201,process/3017
syslog/36202,process/3018
syslog/36203,process/3019
syslog/36204,process/3020
syslog/36217,process/3021
syslog/36219,process/3022
syslog/36221,process/3023
syslog/36232,process/3024
syslog/36238,process/3025
syslog/36239,process/3026
syslog/36241,process/3027
syslog/36243,process/3028
syslog/36246,process/3029
syslog/36248,process/3030
syslog/36249,process/3031
syslog/36254,process/3032
syslog/36259,process/3033
syslog/36263,process/3034
syslog/36264,process/3035
syslog/36269,process/3036
syslog/36270,process/3037
syslog/36277,process/3038
syslog/36291,process/3039
syslog/36298,process/3040
syslog/36320,process/3041
syslog/36323,process/3042
syslog/36325,process/3043
syslog/36328,process/3044
syslog/36340,process/3045
syslog/36344,process/3046
syslog/36346,process/3047
syslog/36347,process/3048
syslog/36349,process/3049
syslog/36350,process/3050
syslog/36352,process/3051
syslog/36353,process/3052
syslog/36355,process/3053
syslog/36356,process/3054
syslog/36358,process/3055
syslog/36359,process/3056
syslog/36361,process/3057
syslog/36362,process/3058
syslog/36363,process/3059
syslog/36365,process/3060
syslog/36366,process/3061
syslog/36368,process/3062
syslog/36369,process/3063
syslog/36372,process/3064
syslog/36375,process/3065
syslog/36376,process/3066
syslog/36378,process/3067
syslog/36380,process/3068
syslog/36381,process/3069
syslog/36382,process/3070
syslog/36383,process/3071
syslog/36386,process/3072
syslog/36388,process/3073
syslog/36389,process/3074
syslog/36392,process/3075
syslog/36393,process/3076
syslog/36396,process/3077
syslog/36399,process/3078
syslog/36402,process/3079
syslog/36405,process/3080
syslog/36408,process/3081
syslog/36412,process/3082
syslog/36413,process/3083
syslog/36415,process/3084
syslog/36417,process/3085
syslog/36418,process/3086
syslog/36420,process/3087
syslog/36421,process/3088
syslog/36423,process/3089
syslog/36424,process/3090
syslog/36426,process/3091
syslog/36427,process/3092
syslog/36430,process/3093
syslog/36431,process/3094
syslog/36432,process/3095
syslog/36436,process/3096
syslog/36454,process/3097
syslog/36465,process/3098
syslog/36468,process/3099
syslog/36474,process/3100
syslog/36536,process/3101
syslog/36573,process/3102
syslog/36576,process/3103
syslog/36597,process/3104
syslog/36598,process/3105
syslog/36618,process/3106
syslog/36619,process/3107
syslog/36620,process/3108
syslog/36634,process/3109
syslog/36640,process/3110
syslog/36641,process/3111
syslog/36642,process/3112
syslog/36644,process/3113
syslog/36647,process/3114
syslog/36648,process/3115
syslog/36649,process/3116
syslog/36650,process/3117
syslog/36651,process/3118
syslog/36652,process/3119
syslog/36653,process/3120
syslog/36654,process/3121
syslog/36655,process/3122
syslog/36659,process/3123
syslog/36666,process/3124
syslog/36669,process/3125
syslog/36670,process/3126
syslog/36671,process/3127
syslog/36672,process/3128
syslog/36678,process/3129
syslog/36679,process/3130
syslog/36680,process/3131
syslog/36681,process/3132
syslog/36682,process/3133
syslog/36683,process/3134
syslog/36684,process/3135
syslog/36685,process/3136
syslog/36689,process/3137
syslog/36690,process/3138
syslog/36691,process/3139
syslog/36692,process/3140
syslog/36693,process/3141
syslog/36694,process/3142
syslog/36695,process/3143
syslog/36696,process/3144
syslog/36697,process/3145
syslog/36731,process/3146
syslog/36758,process/3147
syslog/36763,process/3148
syslog/36787,process/3149
syslog/36793,process/3150
syslog/36805,process/3151
syslog/36824,process/3152
syslog/36842,process/3153
syslog/36845,process/3154
syslog/36900,process/3155
syslog/36915,process/3156
syslog/36920,process/3157
syslog/36923,process/3158
syslog/36927,process/3159
syslog/36952,process/3160
syslog/36965,process/3161
syslog/36969,process/3162
